{
  "id": "1521620",
  "name": "HIT Sale System",
  "font_family": "iconfont",
  "css_prefix_text": "iconfont-",
  "description": "",
  "glyphs": [
    {
      "icon_id": "31098",
      "name": "部门",
      "font_class": "bumen",
      "unicode": "e605",
      "unicode_decimal": 58885
    },
    {
      "icon_id": "642067",
      "name": "manage",
      "font_class": "hetongguanli",
      "unicode": "e610",
      "unicode_decimal": 58896
    },
    {
      "icon_id": "643733",
      "name": "充值",
      "font_class": "3",
      "unicode": "e602",
      "unicode_decimal": 58882
    },
    {
      "icon_id": "705808",
      "name": "禁用",
      "font_class": "jinyong",
      "unicode": "e67e",
      "unicode_decimal": 59006
    },
    {
      "icon_id": "730868",
      "name": "积分",
      "font_class": "jifen",
      "unicode": "e65e",
      "unicode_decimal": 58974
    },
    {
      "icon_id": "733906",
      "name": "销售单据",
      "font_class": "xiaoshoudanju",
      "unicode": "e60e",
      "unicode_decimal": 58894
    },
    {
      "icon_id": "785038",
      "name": "删除",
      "font_class": "smallshanchu",
      "unicode": "e661",
      "unicode_decimal": 58977
    },
    {
      "icon_id": "847441",
      "name": "基础资源",
      "font_class": "jichuziyuan",
      "unicode": "e6ef",
      "unicode_decimal": 59119
    },
    {
      "icon_id": "975322",
      "name": "零售单号",
      "font_class": "Order",
      "unicode": "e6b1",
      "unicode_decimal": 59057
    },
    {
      "icon_id": "1079500",
      "name": "收款",
      "font_class": "shoukuan",
      "unicode": "e62d",
      "unicode_decimal": 58925
    },
    {
      "icon_id": "1132802",
      "name": "报表",
      "font_class": "baobiao",
      "unicode": "e7c8",
      "unicode_decimal": 59336
    },
    {
      "icon_id": "1137833",
      "name": "门店",
      "font_class": "mendian",
      "unicode": "e682",
      "unicode_decimal": 59010
    },
    {
      "icon_id": "1167134",
      "name": "财务",
      "font_class": "caiwu",
      "unicode": "e618",
      "unicode_decimal": 58904
    },
    {
      "icon_id": "1172715",
      "name": "付款",
      "font_class": "fukuan",
      "unicode": "e646",
      "unicode_decimal": 58950
    },
    {
      "icon_id": "1490623",
      "name": "档案",
      "font_class": "dangan",
      "unicode": "e64d",
      "unicode_decimal": 58957
    },
    {
      "icon_id": "1680734",
      "name": "调拨单",
      "font_class": "tiaobodan",
      "unicode": "e670",
      "unicode_decimal": 58992
    },
    {
      "icon_id": "1964730",
      "name": "销售报表",
      "font_class": "xiaoshoubaobiao",
      "unicode": "e61c",
      "unicode_decimal": 58908
    },
    {
      "icon_id": "1977854",
      "name": "人员档案管理",
      "font_class": "renyuandanganguanli",
      "unicode": "e640",
      "unicode_decimal": 58944
    },
    {
      "icon_id": "2104880",
      "name": "删除筛选项",
      "font_class": "chushaixuanxiang",
      "unicode": "e61a",
      "unicode_decimal": 58906
    },
    {
      "icon_id": "2158486",
      "name": "财务报表",
      "font_class": "financial_statements",
      "unicode": "e60c",
      "unicode_decimal": 58892
    },
    {
      "icon_id": "3240132",
      "name": "商品分类",
      "font_class": "shangpinfenlei",
      "unicode": "e611",
      "unicode_decimal": 58897
    },
    {
      "icon_id": "3702976",
      "name": "盘点单",
      "font_class": "navicon-pdd",
      "unicode": "e655",
      "unicode_decimal": 58965
    },
    {
      "icon_id": "3734018",
      "name": "存货分类",
      "font_class": "navicon-chfl",
      "unicode": "e673",
      "unicode_decimal": 58995
    },
    {
      "icon_id": "4171096",
      "name": "搜索",
      "font_class": "sousuo",
      "unicode": "e603",
      "unicode_decimal": 58883
    },
    {
      "icon_id": "4521245",
      "name": "删除",
      "font_class": "shanchu",
      "unicode": "e620",
      "unicode_decimal": 58912
    },
    {
      "icon_id": "4656567",
      "name": "采购",
      "font_class": "caigou",
      "unicode": "e650",
      "unicode_decimal": 58960
    },
    {
      "icon_id": "4925396",
      "name": "编辑",
      "font_class": "bianji1",
      "unicode": "e606",
      "unicode_decimal": 58886
    },
    {
      "icon_id": "5107914",
      "name": "零售",
      "font_class": "retail",
      "unicode": "e60b",
      "unicode_decimal": 58891
    },
    {
      "icon_id": "5122130",
      "name": "会员",
      "font_class": "huiyuan-",
      "unicode": "e60d",
      "unicode_decimal": 58893
    },
    {
      "icon_id": "5570304",
      "name": "日志",
      "font_class": "icon-test",
      "unicode": "e612",
      "unicode_decimal": 58898
    },
    {
      "icon_id": "6101476",
      "name": "添加人",
      "font_class": "tianjiaren",
      "unicode": "e822",
      "unicode_decimal": 59426
    },
    {
      "icon_id": "6326748",
      "name": "重置",
      "font_class": "zhongzhi",
      "unicode": "e627",
      "unicode_decimal": 58919
    },
    {
      "icon_id": "6447160",
      "name": "编辑",
      "font_class": "bianji",
      "unicode": "e641",
      "unicode_decimal": 58945
    },
    {
      "icon_id": "6447185",
      "name": "库存量",
      "font_class": "kucunliang",
      "unicode": "e647",
      "unicode_decimal": 58951
    },
    {
      "icon_id": "6789089",
      "name": "销售开票",
      "font_class": "xiaoshoukaipiao-",
      "unicode": "e636",
      "unicode_decimal": 58934
    },
    {
      "icon_id": "6941966",
      "name": "采购订单",
      "font_class": "caigoudingdan-",
      "unicode": "e645",
      "unicode_decimal": 58949
    },
    {
      "icon_id": "7090048",
      "name": "进货单",
      "font_class": "jinhuodan",
      "unicode": "e710",
      "unicode_decimal": 59152
    },
    {
      "icon_id": "7171187",
      "name": "系统管理",
      "font_class": "xitongguanli",
      "unicode": "e62e",
      "unicode_decimal": 58926
    },
    {
      "icon_id": "7310570",
      "name": "库存管理",
      "font_class": "kucunguanli",
      "unicode": "e613",
      "unicode_decimal": 58899
    },
    {
      "icon_id": "7329861",
      "name": "群体",
      "font_class": "qunti",
      "unicode": "ea92",
      "unicode_decimal": 60050
    },
    {
      "icon_id": "7501110",
      "name": "权限",
      "font_class": "fenghuangxiangmutubiao_quanxian",
      "unicode": "e66d",
      "unicode_decimal": 58989
    },
    {
      "icon_id": "7700650",
      "name": "会员档案",
      "font_class": "huiyuandangan",
      "unicode": "e773",
      "unicode_decimal": 59251
    },
    {
      "icon_id": "8084547",
      "name": "参数",
      "font_class": "canshu",
      "unicode": "e614",
      "unicode_decimal": 58900
    },
    {
      "icon_id": "9028222",
      "name": "存货",
      "font_class": "cunhuo",
      "unicode": "e61d",
      "unicode_decimal": 58909
    },
    {
      "icon_id": "9512701",
      "name": "加号",
      "font_class": "add-fill",
      "unicode": "e644",
      "unicode_decimal": 58948
    },
    {
      "icon_id": "11111025",
      "name": "收银",
      "font_class": "shouyin",
      "unicode": "e683",
      "unicode_decimal": 59011
    },
    {
      "icon_id": "11321199",
      "name": "仓库管理  库房管理",
      "font_class": "cangkuguanli-",
      "unicode": "e7ab",
      "unicode_decimal": 59307
    },
    {
      "icon_id": "11893707",
      "name": "应用",
      "font_class": "application",
      "unicode": "e60f",
      "unicode_decimal": 58895
    }
  ]
}
